{
  "avg_fixation_durations": 273.8113573462679,
  "avg_fixation_num_points": 4.301939058171745,
  "avg_saccades_durations": 154.28805554972755,
  "avg_saccades_lengths": 292.7165315275318,
  "avg_saccades_velocities": 1.9439604601454963,
  "fixation_frequency": 0.0023382403996138534
}
